{"recall": 2.4784028586528, "exact": 0.778110825005372}
