{"recall": 2.484666744065, "exact": 0.777159270458143}
